5217506253,jckjy
4024940259,xzbqo
7142458974,qpxia
4735123815,cormm
7531304017,tesdd
5988486580,kxqub
7063532820,crfif
1934789874,udqci
5236106953,uxmjj
4937935606,uoskn
7932112578,ucpzb
8147445021,qvyjg
8264879724,qtulc
7834373792,kcyse
2592398295,oqnkj
6702839859,qzwns
7155571545,orsaq
2077673777,fifwl
4227849598,pqpnb
6299860622,eonjq
7915393915,ocbxj
7985184318,iqlib
5023736114,rneny
3183864525,cxucz
9038433631,hvrvf
4932922523,ubmdh
8233856138,mehxp
2753884411,egtrp
4053514722,htszx
1918533815,aopui
3208475963,xvjtd
6159125630,cigos
8340787017,qcugq
9293487388,autpq
6267892263,gevvk
7562898349,rkcgv
9689732113,zllwr
7046330677,rezuz
3930692749,qemgx
4551785659,abscs
3831351261,jvciw
8329756804,jvwky
2164908060,juesy
2527945489,abgfq
2882044150,cxcvg
2786950824,jijlb
1528216613,kzzrm
1166663330,gqusw
8513670417,wpaoo
3503866754,tekht
1295511766,jjiuk
2527279178,cgrax
9077529003,jhvdj
4473808889,zktdo
4228619677,nsuah
2681272051,htxur
6872653997,ztajz
7130290277,gqejm
4983494125,zzmxk
2126443494,aspin
9963934357,wobar
1641654543,xxsfm
9817111632,ebkal
4084568921,wnaev
6094520228,wvtmq
2868525012,taleb
4512124590,sfntk
7011810744,knsou
8889650783,pisvg
7911549679,qfbvv
6751841314,jheer
6154004229,yvyws
7037187127,wkijd
4062791693,msksb
9936792218,pksud
1043632102,cwlre
2278100926,aawpf
7629825938,xsall
9159988115,xfehm
7826930005,crqkf
9932879331,udphz
8917111101,pzjee
1562000088,umabg
1002475125,libwj
2066785196,jqnjt
9830217578,odhrp
1881664672,brjgd
6063363532,ziyqj
9205282671,zhhwu
3707767141,oxnzu
2171398578,zegjg
1097383875,opipm
4541808449,jaydz
6050078969,crqmy
9841738890,xreyq
2254789178,gpjcd
7548885293,ifzxn
1447874342,nvwks
9202809957,kiysb
8356090202,teatw
1017949674,oiacu
8610031996,jeiik
8772046727,tmyzn
3311695443,vqobv
7173354364,pwyxm
6872757179,hawsn
7103949989,puquk
1124788284,mrymi
9259567406,hkcfy
6787687386,jysfq
9644474434,baltw
3610148858,poctt
4430938416,hrmdx
1486851134,plbrh
8589480912,uesja
9292839443,tszic
3359561454,qtcpo
8596680973,xfhfl
7381537186,curqq
8440037535,kamaj
6284904048,mytmj
5772309604,vzeij
4101083254,foidr
1566827840,upqup
8055790093,ldwtm
8378897077,umoxx
3696286066,hxwys
7638225075,hccha
6085756936,evfwo
5614311379,fdsun
3581113068,ejxii
9059312960,kbwsw
6930393800,spiqa
5340968624,xhdol
4739321681,qxwth
3946279261,egtzq
9416838121,avayw
6155646830,vipct
4665442539,gqvko
6350100789,sdbqi
6451714166,qmjvc
9015462832,psopl
3421279881,ixkia
6114954391,yooio
7305593315,hefjq
5006515519,pylsr
5369786867,cjcrn
4319411642,dsjth
4659867045,uyhyl
3002483564,sspog
2344004893,pkuta
2254820837,alpth
2723210979,pujht
3578293912,zwdso
6004841425,hwszg
2657853707,mpjtr
9691214663,egshf
3551292426,knqxy
3755366270,qcgyp
5678901780,wwqey
6209602382,jwpzq
3554621168,qlxbe
6491144334,bvgdu
3335334729,xhkkw
8562268297,ddmkw
8922955697,kpdln
3638563572,iumzo
9386908244,xdghz
5361836054,dhxzv
4041506455,aorsh
6908750472,nksec
8498193253,djhol
6812075310,bfiyh
2294633195,ulonv
5608781598,yztna
2277561943,hmvui
5903131292,wftas
2136728033,zwxhl
1581342992,vfrbr
3514106062,skucj
9396336618,jbcme
8403751732,mxjnv
6441701473,diesf
9917129452,dslut
9759287743,zygud
2457916652,rqthq
2973277151,fhuqd
7835038227,nrwtk
8889539436,hfezq
8063465613,ymxxo
6056131481,nhrcv
7374816891,xurum
9335701763,mfvvt
5277816014,rwmza
5838129560,nxlxz
8835677916,ussmf
3402664647,brmpd
8084263386,fuybn
9362105511,rlkvy
7020324894,emonw
5777774042,qmans
7583991933,eprcy
4911522164,jqeaf
4122772454,egkoj
4783528349,rshaz
8074949888,wzbno
9070995841,sywpd
7169063049,bsayf
1109236208,blryo
6948464736,scbfu
4519732560,surxj
3684572908,aobzw
1043770583,egoio
7055727074,yiblr
7764500759,indac
2969947004,zsioy
3899186916,kqsuf
5265213704,ivhsk
1436468664,wydod
7626647252,acbmb
5533716194,fukqz
8604946136,muund
5365201086,ojzea
9480571975,nqwza
5532436133,duqsv
7685638642,nqidy
1592967584,hmqgt
2375249871,nlubj
6003551821,zfjfq
1460997599,udzbo
5640105849,doelc
2097993247,jkhdf
8896469901,ylmzh
5074885578,emaad
8664616812,jtdfe
7613642273,tlmps
4689255199,uzmsg
9467439591,cvqqb
6740283299,ewyeu
9576142922,pzbrn
2750189142,ibyga
9505500150,jotwu
9741600213,vzfng
2997469700,dxmbu
2685399076,ryzhn
1169926305,effvt
4802261170,toyyf
7441230458,tvsed
8907063283,cdknf
9836655374,uummn
4036655427,wafde
2839268412,uoiev
1209261259,oxcyy
8252772381,fsqme
7885624640,tdhln
9556484024,oajfz
3655978838,ubnol
8767487609,cpgam
2054871906,klkml
2976070079,krltk
7784656709,hocjf
2502820282,slwix
1955434474,pzwjo
1485323404,nghcm
6801233326,txauq
6068298156,bxmkv
7373611892,gjvcf
3520600458,rsnrb
7508185398,mhxfi
2041320534,uimdt
9946040362,evfcb
3425307713,nndek
5199146611,udhpt
7991160184,qrwga
1589018892,wimxt
8956857136,bzcda
9772812345,voqxn
3871240045,bfkex
7628975421,lrjki
9076853276,wzxoj
4802878282,yfryo
4304935796,xyrtp
5775730300,lzibn
5917169263,uhpct
5309050223,xgzhk
8959507877,gedfn
7092525882,yjiuy
2742391057,bheal
5526082131,zpmjk
6773705645,hwymn
5891902228,xozee
5688573230,pwhou
8617419260,mrsjk
8502096064,shtdg
7329266047,muowk
9567752180,okner
2236445023,bmgjd
9163212292,hxvzn
8719763601,ritwx
5193547152,amdeu
3483615431,ufgna
2461101701,lnwnp
9429848862,hnrtw
3712573692,glfep
8993299479,nlckq
4546073538,zcrfs
5594267705,mhukw
5346368227,xkrie
1349168569,jsmrk
7453040901,dzvhe
7062655744,gqcvo
8811526417,uumsi
3558682290,pjbcv
3954324133,vhlku
6493206420,afhqd
8029479192,dzwue
1119066467,mprcf
2128972113,etvwd
1300733332,mxgld
2901638150,obern
1002088391,tifnj
2634270521,tndrj
6959610555,wrrtt
3054736993,frfgb
6119264563,roadg
7386396421,hozbq
8723246668,vrgxh
6582674224,aqaud
1347016950,zgmyn
7510947619,cyimi
2023522057,wbtoy
8369015650,guuzi
9386694010,vwkrr
2812945375,excpl
3716170221,iglvk
2114610714,wjesn
5713122106,fyhni
9159082993,dxduf
3752708983,frdsd
8171747936,jktiv
1249080228,cnyev
3327568827,lcrzj
2417204740,xgnkv
3358767124,iraov
9837538868,kwiiq
3967045567,hhomz
3853639660,wkeua
3370738666,bpqen
8286988289,sauug
7750447544,kaeaz
9456359317,xzsaq
3054720686,zyjew
3972900126,sxips
6477418098,lstww
4519681220,mgcvb
5267673938,rrmxb
5749976114,tznub
8552913507,acwgy
5189039889,rqbhi
2087488697,sythg
3649456065,mrfpn
6695753597,qoocl
4224865401,neiku
7217278751,hfrub
3113566742,pbjav
5031501963,cfcra
4761492107,dtqdi
6695463915,fdyhu
6443049776,jgqmq
7613054069,mgreh
8454711202,nbghe
2814869158,bavba
8544346270,daruk
9275961678,xloyr
3056113624,uosdg
2071415502,ywqis
5764115122,tflnl
5717477878,irnrw
3770939193,svccr
3140964560,fwmgh
6763085612,weoyt
1089972273,mntbn
4364500536,ynexr
4636547115,wslyz
6953074614,qpdpd
2624339132,vntkv
6344334643,jpfyz
7148992130,kbjnw
7679798746,zlhtb
4629927201,eongt
8963535373,kocpf
7958454166,xrgwb
7567783366,klecm
8871170587,ozifz
1270276723,qultr
8825878032,rsmfz
6037675923,fmpne
7049794671,udrqx
6237190943,okkgu
3031343082,qbkye
2240304061,envyl
9268201725,fcvbi
9934242534,dyvyg
2311854803,bcniy
9417084018,tmzxt
7111359380,grdmt
4603046822,oijos
1987729846,kzlrs
9850252197,azxvq
4632901631,ahhll
2031266225,wqggn
7883540272,glgeg
2839875629,mwuyh
4437664508,xszhg
5299551940,fxmif
5941925446,ufwsv
9977556345,wjubk
4722904787,tifkk
5251008913,fpnqn
7899580935,ubiqy
1930806492,gvilq
3734091651,xhfmt
5113850488,gajrv
6236683276,ntfew
2857340438,jerqo
6802203017,mokbv
7719947055,amaal
3495112860,oygnb
3246777549,ucwxt
5879709077,qdeph
7307252268,plggo
2114266462,klepv
6540593701,cwqen
4618608637,adxmt
5217803524,hvsue
8404787418,qeeon
8644251962,mydan
9591587020,bwfdy
8355867136,xbzyw
3718748510,dfgsp
9113270965,destc
1904430599,fzrgq
7240348713,hkxxg
8133833015,eeztf
9079237666,wnlyb
1599258775,kyfct
3959780776,bbqly
7923678365,zckfk
8090656266,reodf
4090627603,josrm
1388566574,jegoj
8178702550,plvyt
3664278683,idpuu
3066980255,bjlhw
3856863598,hehaj
2613558545,gcfjn
5107302613,atswi
4695150538,whkde
1380836740,ulnjr
1899458006,dagtr
8176774414,fyrze
6063994870,ogbxi
6225488988,xxenh
3338067404,oznni
2490386238,blhox
7242792752,tshnd
2562062815,mboaa
9225962381,nhhor
1241114136,qwodj
9703412122,egagv
4949183704,jgduh
6395161138,tiswp
5901311368,nomve
2997746026,duuos
4050768383,dzqun
3344390787,vjjbj
4987837997,nccwn
6064262825,rouge
9970150162,hrirk
3281686942,onegi
7556905079,kkofc
3976096604,mnurk
6071351382,tglip
8214508922,xfjyn
7437259397,eoqzk
9446931742,jfogc
4781014389,ofhek
7649715812,undnq
8571304638,modnk
6500738858,kbdkg
7182079857,jbvey
6548161429,vhsld
7492158027,gmodp
6951117034,qivkc
4601407429,xrbrv
2050344869,mleyo
3720420265,tnjmv
9678560744,cneeb
2348475737,fpexm
8138182645,fcvzu
6927107957,qhptd
6412852014,tuncj
1818409603,ebiii
4048023322,gfqee
2004795863,cmvbx
2524007760,fxlct
1845206082,ujivo
4301926057,emwlq
3171217947,mpsjb
8494962095,uxsfg
9382152051,hnaat
1472307640,oruav
4795511150,bozgh
3438330501,ptekd
1948392240,djpie
1101822297,nimpt
1480857176,gzfjs
9213550877,edxiv
3021795948,oyjjv
3998581460,lpxbd
2862343383,bulpu
1678965909,edoag
2023496114,xzlyw
8720232763,tfuym
8408663649,zgpzf
1876463407,izgrm
5377388708,wupgx
4931363400,cwnoc
9911185300,tfzwf
7444251010,rttku
8449843444,idttg
3433373863,ibzoq
6113352742,nnqyr
3401005623,wqzqy
3329750788,fiqij
9742275505,jroff
1085964057,ivrmh
9159475593,icgdu
1342389563,bsnwn
5646887466,jfyqu
8075775116,xewsm
6353893466,ynkii
4784688237,hlxag
1799031240,mceuh
5891954556,kgqzt
5975166727,qsqtc
6781789127,uihdm
2048887468,kyswm
3342784184,yuhsm
6545119579,vydho
6758076736,smgyi
4927997277,xbdko
7238569496,ipnsf
3304196700,hsvhy
2709500637,cqvby
8967415697,ybmay
3964349424,hwqjt
9538677264,ivnnl
4949307179,xngmv
2428516299,yfvbd
2407641752,azbyj
4160314742,iskwu
7791117690,zqmbi
7009729103,ldlxo
6763283181,htfcs
5719501221,sowpt
2583786599,wwlkk
4402810870,rlptw
5003339078,xpwqd
6643837238,blqaj
9174834231,slmdg
8195265314,ypjwp
4209174789,vyezr
7405886490,bmxnj
9950058774,vgcve
3671306025,ohfjn
7568393955,qggji
3137789043,fztgn
6403754395,zxpha
8951873413,oljxp
7482464149,smrac
7220193075,djwgx
6200163036,kqbtz
7430811376,qqqkx
6647300333,nfgee
2567052345,hrdao
7517755499,alcyh
8218474523,fqpuk
7080885663,yylpy
9191099082,cwmft
2048030704,vpjjh
7088490456,dbnfs
3342596037,bulsr
1153895536,jiyzg
7521047274,kedub
2607291898,arxwc
7839271662,elmhc
3343129196,nuswj
5576813263,mbbdz
2099555186,wixnh
7819524359,kmbrp
2302981107,kzpqu
5099449691,sljev
6351291384,mfexe
2555083423,wxeqv
8978070166,rzkhz
1512473324,yacwh
5420891021,xpubv
3881137747,mohdt
1813382714,hxffk
4678708007,krmxk
4350354612,hkqwi
5146958606,yrczb
1058815710,pyfoc
2383626416,rzvrg
8374169867,ynvuo
7409107460,syysx
6646951794,otbvn
8975364139,gftsg
6875560166,rtjmg
4640991552,ppphb
3539917996,jpmec
8161693051,bllap
3138366257,olpyz
6948553515,woqne
8471728824,hfojy
6812671643,nzica
1322719800,tpqkr
6111205292,suuou
2120816335,cypqd
8380339055,glilf
5411048786,llbsw
8869231968,yvyne
8342628900,yutqj
5706045280,budxt
2654913211,pdeto
8344943709,rnryf
9275662214,tatvd
1639371907,oefti
7386097848,vycpj
3743942622,czqkr
2219058600,jpccf
3018331762,prfoe
1728793103,kixvt
2008850866,ngnsp
6436681443,jtdds
4891507835,nblvz
9451496924,omdem
7283878807,sichf
8595503015,frgpw
5232094892,nazjj
9203684522,vpoqg
7449071649,ffjfz
9476369890,axlkm
5897762851,zytnq
7997450498,eaidh
6864782989,nvfje
3304120349,hkbut
9126111806,qrlqn
9932608517,qrspy
3009328275,nxzln
4106932126,arytd
4489125277,krerj
2066391851,simmi
8525265357,vfkbh
4755692646,qjiei
8190277031,relzn
9200583530,nnjvh
9353177729,tgwjo
5814546579,kpjth
9503766765,ynxnh
6028412934,xxcln
4417381175,ujyck
2788457993,avcmt
7121669577,ngmyb
5157845371,bgfcp
1698460573,csvod
5932756154,nggww
8306667900,ordzn
8931208266,ptasl
4661139837,qbbqb
5381574617,hfkea
3663247315,opgvm
5975158221,ktjft
4906340355,jqekf
8021854101,aghtc
2043024975,hgqaa
7995194363,expzt
3595374437,njtqk
1084744413,fijxc
5899831600,gwryi
7474478423,mzxqw
1451371006,jbngt
8091266768,arwsc
8903193020,lxiqh
5867372516,zofrs
2401210483,nwoeu
9128516387,ymhxz
1336039154,yjykd
8615943008,cmuzl
4027472459,lveky
2398241052,beggb
9271389009,ifhpc
1096130549,hkfgv
6068104435,okltd
2205287456,vmbqf
7319717171,ikmhb
8811524614,oyvst
7163776917,ssxoz
9105431185,lazhj
1563824708,gmbrn
3641807335,mzhfm
2354263951,ojlxf
2867421398,ougtl
6952575497,oatzd
7106041479,hfhga
1760777486,nsxli
8584037494,zrglx
8522010882,scjve
6608004133,aauwq
3581949915,gowcu
2866654897,dspic
7370550394,abigx
7582660329,zqina
3636396749,sfjvn
8339616651,tamha
7525578375,bfbwr
3521525261,clrlu
2050630463,sgbsh
9811633348,flczp
2670748783,odpdd
8856133288,bgrgk
3414576730,kpqvx
3282379738,zrdzv
6733709561,zcxlf
1156303644,youxi
3921822805,birvh
5007679989,sxopt
8688716031,lhjiy
4206717480,mgckn
8102119364,rfgrz
1727767627,ckahl
5392987622,feipl
6161857703,hhbkr
2267798077,guavz
5904805236,bqmow
5141797634,oqghr
3606469202,cyiel
2859284371,gcojj
4691896282,rviyf
5794103519,zuisl
3921891707,drwue
5104607499,rchrz
2768781782,phete
6048166798,kugvb
7654492161,muytp
6213360545,bivsl
5122832086,qdyay
1890317445,pukdy
2572951346,gkgre
3241185204,lopmc
4494913870,pfcyi
6683379109,whwvg
7460528602,dbxxd
4889479773,jqjdp
9249403713,zzrpp
8152986770,xsumq
9969541638,muuam
4542467832,nywpm
4698217152,hwlfp
5575317013,sbznu
2286231625,vemza
4553777408,ohvjk
7558409400,vxlqp
1133668978,lemia
5323144417,tiffc
4528356142,zkdlf
9784518218,snute
8070419280,thwmt
6935690214,upcev
7755079915,wcwqd
8385408552,ukbxg
9081462499,bbtjo
4058424009,kmsbu
3303794017,iuiuv
8337208658,gadxa
9309811716,vinnu
4681074174,jqvwi
3452356467,shtiv
5289143554,kasfd
7227931557,naavb
5992072110,puqqe
5444364717,bdniy
5009301428,rvroi
1225247064,lhdsw
1296949833,nsgvq
9422643531,ihclo
7805819093,vcqsc
5759075115,eetdn
6183923795,rcjbi
5100903654,jeajf
8389110044,nlwed
4239458939,gcdxe
4093857727,mtaay
9510690715,nnilj
6907019168,ywpwl
8784825761,bsrpu
3231976295,zawoh
8951168759,zrluv
4193413665,fxkyg
9760236124,iuiai
8694360202,xbocn
9547966839,tdmhq
6076779031,zveft
9405834726,pbfko
2777124962,rwvbm
6412825622,bsapx
8256723832,ptepn
8824468618,vcpho
2079219152,ypcui
1558183080,hxfhw
2781773126,fhuhq
8085633977,dibsx
6986182469,hauaf
4020690848,wyudy
9599084339,fgbdp
7645489565,pnqkc
3953966629,sjudy
8307177051,twlfg
9399919637,taftf
1108117546,bhncn
1878599495,hdgjt
5074642794,qozax
4482429499,kradv
3415281203,dffvr
8495042146,iobwq
5614249062,sgphe
9007956055,rehnp
1227391779,kxyhx
2701450979,hzxjn
9240314187,kltmd
4305892043,hdblt
7614446649,evcca
9403180017,daoit
7382818102,cdfts
4637190572,qagwu
8465175639,yosxk
4034937086,tzpyh
8583773504,tkeud
9084509749,mqpdp
2146335299,iismv
3355294965,uwngw
3980542964,itkvb
7692169743,fpinb
7061987573,xbjfe
3308320830,smzyk
9719981860,cedro
3736285063,zpmar
4960874242,jjkae
5066219090,zncwq
8470533788,ottyx
2923526336,zwkcj
8148814251,kggxv
7308353421,bhtip
8604916415,cxcit
2434352863,rpzmx
4652353678,twbez
9603285064,hfoyp
8790537924,nacax
3641577759,fliur
4795811311,bfilo
6647095378,pusle
6882829007,wbvum
4162113319,kpewz
6815446028,wcnof
7199637038,mqnzt
5546126657,rvgzj
3089975933,prvwu
1647205826,cuszt
5437829817,cozkr
9195453922,innpq
6231307957,puyky
2381983366,deevt
5103833955,gsepv
2537862691,gvtbx
6919739219,eapqq
3331817378,dptmd
6211964377,cqogc
2615251787,fojsu
1596834326,jpajb
3052266591,xxmet
5066160113,brizz
7577931746,knszy
6228318456,yjzga
1430053848,qtxka
4867045902,cjkom
7173942172,vnufj
8774547662,xraeg
6089233166,hmbgo
6761187216,exmkk
2876164171,csyum
8017444256,eyloa
3900906588,jwlbv
1220952087,ntuti
8217364019,kzewo
4898381986,zsdfx
2876687717,oprkv
6620531232,auenx
9089137552,zjrsd
8584118371,obtoc
6592658333,xauow
3439710094,ziyyu
5033076769,jxybf
5376444660,inuwd
6836575404,maklr
4952650405,dornm
6380972440,amnri
4514925411,itagb
8667361483,hqupr
5332951979,yrthu
7146185239,dhwmy
3968360578,ugypg
8881192399,nefrk
8883213983,hoimn
8219802526,hwfie
4809004905,ljkpq
5968693698,qzjnm
2866272373,jbkjt
1038718992,ljdrh
4322998875,wpmoi
9683562015,hgmvj
6207868502,qprfw
4898413611,uydfr
2506406309,loeyo
6682366816,asvuu
7425845138,gezcl
8179391127,cduye
5173296485,chbam
7881414565,ewdlw
5309046701,dsgbk
9681135904,anrld
8120408154,qjwku
4619321152,kgwqf
6210343960,mcjxf
3127837990,jaawq
4931007954,dhzju
9726366644,wbyck
4902162592,lefni
7387701467,pnutr
7315955346,ocajf
6164510575,kedad
4112897816,eydzi
6649440546,xfabg
8675379816,elxxj
3501559415,elbei
3797861865,nulft
4814170023,mzjov
6512868655,ptpyo
1161753876,miihr
7073807853,twwuc
4979850416,egksz
3845254280,tdfor
3357367376,zomer
8174512726,xzfda
8274327779,wszhx
3932512036,bxtgs
2671968296,qctxv
1149106901,aqdvq
7087897542,kzjwe
6837198140,zbjzc
1212703814,aksvc
7116714952,onbvw
4259086450,rzyhh
5203305405,maofz
3259578889,vhhyf
4950653525,ccxef
8607288690,qggqe
1866151892,mnefn
3180018988,rqdoq
7805888615,zpwoh
9196106200,kwkks
6824547434,uoixn
6625264723,potzy
5026036611,uvuzw
8299481955,rsxvk
1828384502,pynbh
5435029028,sfuug
7267941314,ipcwo
2342544106,qcgog
7132308533,lvclg
5818490062,lqtme
8394250012,bzckj
8845086734,zpzrf
4139276708,shqip
9259800929,waity
9420542210,nkpxb
7607418381,snmyy
9013956232,rudqd
8992670064,fkrpo
2660135964,vpwef
